Accession.number	Subgenus	Genus	Family	Gene.encoded	Definition	Organism	isolate.name	collection.date	Country	Host	Note
KF600645.1	Merbecovirus	Betacoronavirus	Coronaviridae	complete-genome	Middle East respiratory syndrome coronavirus isolate Al-Hasa_15_2013, complete genome	Middle East respiratory syndrome-related coronavirus	Al-Hasa_15_2013	11-May-2013	Saudi Arabia	Homo sapiens	
KF600651.1	Merbecovirus	Betacoronavirus	Coronaviridae	complete-genome	Middle East respiratory syndrome coronavirus isolate Al-Hasa_18_2013, complete genome	Middle East respiratory syndrome-related coronavirus	Al-Hasa_18_2013	23-May-2013	Saudi Arabia	Homo sapiens	
KJ156866.1	Merbecovirus	Betacoronavirus	Coronaviridae	complete-genome	Middle East respiratory syndrome coronavirus isolate Al-Hasa_25_2013, complete genome	Middle East respiratory syndrome-related coronavirus	Al-Hasa_25_2013	02-May-2013	Saudi Arabia	Homo sapiens	
KJ156869.1	Merbecovirus	Betacoronavirus	Coronaviridae	complete-genome	Middle East respiratory syndrome coronavirus isolate Riyadh_9_2013, complete genome	Middle East respiratory syndrome-related coronavirus	Riyadh_9_2013	17-Jul-2013	Saudi Arabia	Homo sapiens	
KJ473820.1	Merbecovirus	Betacoronavirus	Coronaviridae	complete-genome	BtPa-BetaCoV/GD2013, complete genome	BtPa-BetaCoV/GD2013	BtPa-GD2013	2013	China	Pipistrellus abramus	
KJ473822.1	Merbecovirus	Betacoronavirus	Coronaviridae	complete-genome	BtTp-BetaCoV/GX2012, complete genome	BtTp-BetaCoV/GX2012	BtTp-GX2012	2012	China	Tylonycteris pachypus	
KT156560.1	Merbecovirus	Betacoronavirus	Coronaviridae	complete-genome	Middle East respiratory syndrome coronavirus strain Hu/Oman_2285_2013, complete genome	Middle East respiratory syndrome-related coronavirus	Hu/Oman_2285_2013	28-Oct-2013	Oman	Homo sapiens	
KU182965.1	Merbecovirus	Betacoronavirus	Coronaviridae	complete-genome	Bat coronavirus isolate JPDB144, complete genome	Bat coronavirus	JPDB144	Dec-2012	China	Myotis daubentonii	
NC_034440.1	Merbecovirus	Betacoronavirus	Coronaviridae	complete-genome	Bat coronavirus isolate PREDICT/PDF-2180, complete genome	Bat coronavirus	PREDICT/PDF-2180	20-Feb-2013	Uganda	Pipistrellus cf. hesperidus; specimen voucher: OTBA03-20130220	USAID PREDICT Consortium
MF598626.1	Merbecovirus	Betacoronavirus	Coronaviridae	complete-genome	Middle East respiratory syndrome-related coronavirus strain camel/UAE_B34_2015, complete genome	Middle East respiratory syndrome-related coronavirus	camel/UAE_B34_2015	Mar-2015	United Arab Emirates	Camelus dromedarius	
MF598630.1	Merbecovirus	Betacoronavirus	Coronaviridae	complete-genome	Middle East respiratory syndrome-related coronavirus strain camel/UAE_B38_2015, complete genome	Middle East respiratory syndrome-related coronavirus	camel/UAE_B38_2015	Mar-2015	United Arab Emirates	Camelus dromedarius	
MF598665.1	Merbecovirus	Betacoronavirus	Coronaviridae	complete-genome	Middle East respiratory syndrome-related coronavirus strain camel/UAE_B75_2015, complete genome	Middle East respiratory syndrome-related coronavirus	camel/UAE_B75_2015	Mar-2015	United Arab Emirates	Camelus dromedarius	
MF593268.1	Merbecovirus	Betacoronavirus	Coronaviridae	complete-genome	Middle East respiratory syndrome-related coronavirus strain Neoromicia/5038, complete genome	Middle East respiratory syndrome-related coronavirus	Neoromicia/5038	20-Apr-2015	South Africa	Neoromicia capensis	
MH002337.1	Merbecovirus	Betacoronavirus	Coronaviridae	complete-genome	Tylonycteris bat coronavirus HKU4 isolate CZ01, complete genome	Tylonycteris bat coronavirus HKU4	CZ01	01-Nov-2012	China		
MH002338.1	Merbecovirus	Betacoronavirus	Coronaviridae	complete-genome	Tylonycteris bat coronavirus HKU4 isolate CZ07, complete genome	Tylonycteris bat coronavirus HKU4	CZ07	01-Nov-2012	China		
MH002339.1	Merbecovirus	Betacoronavirus	Coronaviridae	complete-genome	Tylonycteris bat coronavirus HKU4 isolate SZ140324, complete genome	Tylonycteris bat coronavirus HKU4	SZ140324	23-Apr-2014	China		
MH002340.1	Merbecovirus	Betacoronavirus	Coronaviridae	complete-genome	Pipistrellus bat coronavirus HKU5 isolate BY140535, complete genome	Pipistrellus bat coronavirus HKU5	BY140535	26-Jun-2014	China		
MH002341.1	Merbecovirus	Betacoronavirus	Coronaviridae	complete-genome	Pipistrellus bat coronavirus HKU5 isolate BY140562, complete genome	Pipistrellus bat coronavirus HKU5	BY140562	28-Jun-2014	China		
MH002342.1	Merbecovirus	Betacoronavirus	Coronaviridae	complete-genome	Pipistrellus bat coronavirus HKU5 isolate YD13403, complete genome	Pipistrellus bat coronavirus HKU5	YD13403	03-Jun-2013	China		
MK462252.1	Merbecovirus	Betacoronavirus	Coronaviridae	complete-genome	Middle East respiratory syndrome-related coronavirus strain Hu/Tabuk-KSA-153/2018, complete genome	Middle East respiratory syndrome-related coronavirus	Hu/Tabuk-KSA-153/2018	03-Aug-2018	Saudi Arabia	Homo sapiens	
MN611519.1	Merbecovirus	Betacoronavirus	Coronaviridae	complete-genome	Tylonycteris pachypus bat coronavirus HKU4-related isolate GZ131656, complete genome	Tylonycteris pachypus bat coronavirus HKU4-related	GZ131656	Mar-2018	China	Tylonycteris pachypus	
MN611520.1	Merbecovirus	Betacoronavirus	Coronaviridae	complete-genome	Pipistrellus abramus bat coronavirus HKU5-related isolate BY140568, complete genome	Pipistrellus abramus bat coronavirus HKU5-related	BY140568	Mar-2018	China	Pipistrellus abramus	
MW218395.1	Merbecovirus	Betacoronavirus	Coronaviridae	complete-genome	Tylonycteris bat coronavirus HKU4 isolate SM3A, complete genome	Tylonycteris bat coronavirus HKU4	SM3A	16-Aug-2010	Hong Kong	Tylonycteris pachypus	
MZ328297.1	Merbecovirus	Betacoronavirus	Coronaviridae	complete-genome	Wenzhou Pipistrellus abramus betacoronavirus 1, complete genome	Wenzhou Pipistrellus abramus betacoronavirus 1	YJB_Pabr	2016	China	Pipistrellus abramus	
OK560913.1	Merbecovirus	Betacoronavirus	Coronaviridae	complete-genome	Synthetic construct other-genetic sequence	synthetic construct	HKU4r-HZAU-2020				
OM009282.1	Merbecovirus	Betacoronavirus	Coronaviridae	complete-genome	Pangolin coronavirus HKU4/P251T/pangolin/2018, complete genome	Pangolin coronavirus HKU4/P251T/pangolin/2018	P251T/pangolin/2018	2018		pangolin	
ON745165.1	Merbecovirus	Betacoronavirus	Coronaviridae	complete-genome	Tylonycteris robustula coronavirus isolate 162275, partial genome	Tylonycteris robustula coronavirus	162275	2016-08-18	China: Yunnan	Tylonycteris robustula	
OP288969.1	Merbecovirus	Betacoronavirus	Coronaviridae	complete-genome	Pangolin coronavirus isolate HKU4/GX-2020, complete genome	Pangolin coronavirus	HKU4/GX-2020	2020	China: Guangxi	Manis javanica	
OQ175225.1	Merbecovirus	Betacoronavirus	Coronaviridae	complete-genome	Bat Coronavirus MrGD19 isolate BtMr-BetaCoV/GD2019-Q248, complete genome	Bat Coronavirus MrGD19	BtMr-BetaCoV/GD2019-Q248	2019	China: Guangdong	Myotis ricketti	
OQ175231.1	Merbecovirus	Betacoronavirus	Coronaviridae	complete-genome	Bat Coronavirus PaGX17 isolate BtPa-BetaCoV/GX2017-Q271, complete genome	Bat Coronavirus PaGX17	BtPa-BetaCoV/GX2017-Q271	2017	China: Guangxi	Pipistrellus abramus	
OQ175264.1	Merbecovirus	Betacoronavirus	Coronaviridae	complete-genome	Bat Coronavirus HaYN16 isolate BtHa-BetaCoV/YN2016-Q244, complete genome	Bat Coronavirus HaYN16	BtHa-BetaCoV/YN2016-Q244	2016	China: Yunnan	Hipposideros armiger	
OQ175265.1	Merbecovirus	Betacoronavirus	Coronaviridae	complete-genome	Bat Coronavirus HaYN16 isolate BtHa-BetaCoV/YN2016-Q245, complete genome	Bat Coronavirus HaYN16	BtHa-BetaCoV/YN2016-Q245	2016	China: Yunnan	Hipposideros armiger	
OQ175272.1	Merbecovirus	Betacoronavirus	Coronaviridae	complete-genome	Bat Coronavirus HlHI19 isolate BtHl-BetaCoV/HI2019-Q252, complete genome	Bat Coronavirus HlHI19	BtHl-BetaCoV/HI2019-Q252	2019	China: Hainan	Hipposideros larvatus	
OQ175273.1	Merbecovirus	Betacoronavirus	Coronaviridae	complete-genome	Bat Coronavirus MpHI19 isolate BtMp-BetaCoV/HI2019-Q253, complete genome	Bat Coronavirus MpHI19	BtMp-BetaCoV/HI2019-Q253	2019	China: Hainan	Miniopterus pusillus	
OQ175274.1	Merbecovirus	Betacoronavirus	Coronaviridae	complete-genome	Bat Coronavirus PaGD18 isolate BtPa-BetaCoV/GD2018-Q254, complete genome	Bat Coronavirus PaGD18	BtPa-BetaCoV/GD2018-Q254	24-Apr-2018	China: Guangdong	Pipistrellus abramus	
OQ175275.1	Merbecovirus	Betacoronavirus	Coronaviridae	complete-genome	Bat Coronavirus PaGD18 isolate BtPa-BetaCoV/GD2018-Q255, complete genome	Bat Coronavirus PaGD18	BtPa-BetaCoV/GD2018-Q255	02-Jul-2018	China: Guangdong	Pipistrellus abramus	
OQ175276.1	Merbecovirus	Betacoronavirus	Coronaviridae	complete-genome	Bat Coronavirus PaJX20 isolate BtPa-BetaCoV/JX2020-Q256, complete genome	Bat Coronavirus PaJX20	BtPa-BetaCoV/JX2020-Q256	08-May-2020	China: Jiangxi	Pipistrellus abramus	
OQ175277.1	Merbecovirus	Betacoronavirus	Coronaviridae	complete-genome	Bat Coronavirus PaJX20 isolate BtPa-BetaCoV/JX2020-Q257, complete genome	Bat Coronavirus PaJX20	BtPa-BetaCoV/JX2020-Q257	08-May-2020	China: Jiangxi	Pipistrellus abramus	
OQ175278.1	Merbecovirus	Betacoronavirus	Coronaviridae	complete-genome	Bat Coronavirus PaJX20 isolate BtPa-BetaCoV/JX2020-Q258, complete genome	Bat Coronavirus PaJX20	BtPa-BetaCoV/JX2020-Q258	08-May-2020	China: Jiangxi	Pipistrellus abramus	
OQ175279.1	Merbecovirus	Betacoronavirus	Coronaviridae	complete-genome	Bat Coronavirus PaJX20 isolate BtPa-BetaCoV/JX2020-Q259, complete genome	Bat Coronavirus PaJX20	BtPa-BetaCoV/JX2020-Q259	08-May-2020	China: Jiangxi	Pipistrellus abramus	
OQ175280.1	Merbecovirus	Betacoronavirus	Coronaviridae	complete-genome	Bat Coronavirus PaJX20 isolate BtPa-BetaCoV/JX2020-Q260, complete genome	Bat Coronavirus PaJX20	BtPa-BetaCoV/JX2020-Q260	12-May-2020	China: Jiangxi	Pipistrellus abramus	
OQ175281.1	Merbecovirus	Betacoronavirus	Coronaviridae	complete-genome	Bat Coronavirus PaJX20 isolate BtPa-BetaCoV/JX2020-Q261, complete genome	Bat Coronavirus PaJX20	BtPa-BetaCoV/JX2020-Q261	12-May-2020	China: Jiangxi	Pipistrellus abramus	
OQ175282.1	Merbecovirus	Betacoronavirus	Coronaviridae	complete-genome	Bat Coronavirus PaGD17 isolate BtPa-BetaCoV/GD2017-Q262, complete genome	Bat Coronavirus PaGD17	BtPa-BetaCoV/GD2017-Q262	12-Apr-2017	China: Guangdong	Pipistrellus abramus	
OQ175283.1	Merbecovirus	Betacoronavirus	Coronaviridae	complete-genome	Bat Coronavirus PaGD17 isolate BtPa-BetaCoV/GD2017-Q263, complete genome	Bat Coronavirus PaGD17	BtPa-BetaCoV/GD2017-Q263	12-Apr-2017	China: Guangdong	Pipistrellus abramus	
OQ175284.1	Merbecovirus	Betacoronavirus	Coronaviridae	complete-genome	Bat Coronavirus PaGD17 isolate BtPa-BetaCoV/GD2017-Q264, complete genome	Bat Coronavirus PaGD17	BtPa-BetaCoV/GD2017-Q264	13-Apr-2017	China: Guangdong	Pipistrellus abramus	
OQ175285.1	Merbecovirus	Betacoronavirus	Coronaviridae	complete-genome	Bat Coronavirus PaGD17 isolate BtPa-BetaCoV/GD2017-Q265, complete genome	Bat Coronavirus PaGD17	BtPa-BetaCoV/GD2017-Q265	09-Jul-2017	China: Guangdong	Pipistrellus abramus	
OQ175286.1	Merbecovirus	Betacoronavirus	Coronaviridae	complete-genome	Bat Coronavirus PaGD17 isolate BtPa-BetaCoV/GD2017-Q266, complete genome	Bat Coronavirus PaGD17	BtPa-BetaCoV/GD2017-Q266	11-Oct-2017	China: Guangdong	Pipistrellus abramus	
OQ175287.1	Merbecovirus	Betacoronavirus	Coronaviridae	complete-genome	Bat Coronavirus PaGD16 isolate BtPa-BetaCoV/GD2016-Q267, complete genome	Bat Coronavirus PaGD16	BtPa-BetaCoV/GD2016-Q267	2016	China: Guangdong	Pipistrellus abramus	
OQ175288.1	Merbecovirus	Betacoronavirus	Coronaviridae	complete-genome	Bat Coronavirus PaGD17 isolate BtPa-BetaCoV/GD2017-Q268, complete genome	Bat Coronavirus PaGD17	BtPa-BetaCoV/GD2017-Q268	2017	China: Guangdong	Pipistrellus abramus	
OQ175289.1	Merbecovirus	Betacoronavirus	Coronaviridae	complete-genome	Bat Coronavirus PaGD17 isolate BtPa-BetaCoV/GD2017-Q269, complete genome	Bat Coronavirus PaGD17	BtPa-BetaCoV/GD2017-Q269	2017	China: Guangdong	Pipistrellus abramus	
OQ175290.1	Merbecovirus	Betacoronavirus	Coronaviridae	complete-genome	Bat Coronavirus PaGD18 isolate BtPa-BetaCoV/GD2018-Q270, complete genome	Bat Coronavirus PaGD18	BtPa-BetaCoV/GD2018-Q270	2018	China: Guangdong	Pipistrellus abramus	
OQ175292.1	Merbecovirus	Betacoronavirus	Coronaviridae	complete-genome	Bat Coronavirus PaGZ19 isolate BtPa-BetaCoV/GZ2019-Q272, complete genome	Bat Coronavirus PaGZ19	BtPa-BetaCoV/GZ2019-Q272	2019	China: Guizhou	Pipistrellus abramus	
OQ175293.1	Merbecovirus	Betacoronavirus	Coronaviridae	complete-genome	Bat Coronavirus PaJX20 isolate BtPa-BetaCoV/JX2020-Q273, complete genome	Bat Coronavirus PaJX20	BtPa-BetaCoV/JX2020-Q273	2020	China: Jiangxi	Pipistrellus abramus	
OQ175294.1	Merbecovirus	Betacoronavirus	Coronaviridae	complete-genome	Bat Coronavirus PaJX20 isolate BtPa-BetaCoV/JX2020-Q274, complete genome	Bat Coronavirus PaJX20	BtPa-BetaCoV/JX2020-Q274	2020	China: Jiangxi	Pipistrellus abramus	
OQ175295.1	Merbecovirus	Betacoronavirus	Coronaviridae	complete-genome	Bat Coronavirus PaJX20 isolate BtPa-BetaCoV/JX2020-Q275, complete genome	Bat Coronavirus PaJX20	BtPa-BetaCoV/JX2020-Q275	2020	China: Jiangxi	Pipistrellus abramus	
OQ175296.1	Merbecovirus	Betacoronavirus	Coronaviridae	complete-genome	Bat Coronavirus PaJX20 isolate BtPa-BetaCoV/JX2020-Q276, complete genome	Bat Coronavirus PaJX20	BtPa-BetaCoV/JX2020-Q276	2020	China: Jiangxi	Pipistrellus abramus	
OQ175297.1	Merbecovirus	Betacoronavirus	Coronaviridae	complete-genome	Bat Coronavirus PaJX20 isolate BtPa-BetaCoV/JX2020-Q277, complete genome	Bat Coronavirus PaJX20	BtPa-BetaCoV/JX2020-Q277	2020	China: Jiangxi	Pipistrellus abramus	
OQ175298.1	Merbecovirus	Betacoronavirus	Coronaviridae	complete-genome	Bat Coronavirus PaJX20 isolate BtPa-BetaCoV/JX2020-Q278, complete genome	Bat Coronavirus PaJX20	BtPa-BetaCoV/JX2020-Q278	2020	China: Jiangxi	Pipistrellus abramus	
OQ175299.1	Merbecovirus	Betacoronavirus	Coronaviridae	complete-genome	Bat Coronavirus PaJX20 isolate BtPa-BetaCoV/JX2020-Q279, complete genome	Bat Coronavirus PaJX20	BtPa-BetaCoV/JX2020-Q279	2020	China: Jiangxi	Pipistrellus abramus	
OQ175300.1	Merbecovirus	Betacoronavirus	Coronaviridae	complete-genome	Bat Coronavirus PaZJ10 isolate BtPa-BetaCoV/ZJ2010-Q280, complete genome	Bat Coronavirus PaZJ10	BtPa-BetaCoV/ZJ2010-Q280	2010	China: Zhejiang	Pipistrellus abramus	
OQ175301.1	Merbecovirus	Betacoronavirus	Coronaviridae	complete-genome	Bat Coronavirus PaHI19 isolate BtPa-BetaCoV/HI2019-Q281, complete genome	Bat Coronavirus PaHI19	BtPa-BetaCoV/HI2019-Q281	2019	China: Hainan	Pipistrellus abramus	
OQ175302.1	Merbecovirus	Betacoronavirus	Coronaviridae	complete-genome	Bat Coronavirus RmGX17 isolate BtRm-BetaCoV/GX2017-Q282, complete genome	Bat Coronavirus RmGX17	BtRm-BetaCoV/GX2017-Q282	17-Dec-2017	China: Guangxi	Rhinolophus macrotis	
OQ175303.1	Merbecovirus	Betacoronavirus	Coronaviridae	complete-genome	Bat Coronavirus HaGD16 isolate BtHa-BetaCoV/GD2016-Q283, complete genome	Bat Coronavirus HaGD16	BtHa-BetaCoV/GD2016-Q283	2016	China: Guangdong	Hipposideros armiger	
OQ175304.1	Merbecovirus	Betacoronavirus	Coronaviridae	complete-genome	Bat Coronavirus TpGD17 isolate BtTp-BetaCoV/GD2017-Q284, complete genome	Bat Coronavirus TpGD17	BtTp-BetaCoV/GD2017-Q284	18-May-2017	China: Guangdong	Tylonycteris pachypus	
OQ175305.1	Merbecovirus	Betacoronavirus	Coronaviridae	complete-genome	Bat Coronavirus TpGD17 isolate BtTp-BetaCoV/GD2017-Q285, complete genome	Bat Coronavirus TpGD17	BtTp-BetaCoV/GD2017-Q285	18-May-2017	China: Guangdong	Tylonycteris pachypus	
OQ175306.1	Merbecovirus	Betacoronavirus	Coronaviridae	complete-genome	Bat Coronavirus TpGD17 isolate BtTp-BetaCoV/GD2017-Q286, complete genome	Bat Coronavirus TpGD17	BtTp-BetaCoV/GD2017-Q286	11-Oct-2017	China: Guangdong	Tylonycteris pachypus	
OQ175307.1	Merbecovirus	Betacoronavirus	Coronaviridae	complete-genome	Bat Coronavirus TpGD18 isolate BtTp-BetaCoV/GD2018-Q287, complete genome	Bat Coronavirus TpGD18	BtTp-BetaCoV/GD2018-Q287	11-May-2018	China: Guangdong	Tylonycteris pachypus	
OQ175308.1	Merbecovirus	Betacoronavirus	Coronaviridae	complete-genome	Bat Coronavirus TpGD18 isolate BtTp-BetaCoV/GD2018-Q288, complete genome	Bat Coronavirus TpGD18	BtTp-BetaCoV/GD2018-Q288	11-May-2018	China: Guangdong	Tylonycteris pachypus	
OQ175309.1	Merbecovirus	Betacoronavirus	Coronaviridae	complete-genome	Bat Coronavirus TpGX16 isolate BtTp-BetaCoV/GX2016-Q289, complete genome	Bat Coronavirus TpGX16	BtTp-BetaCoV/GX2016-Q289	12-May-2016	China: Guangxi	Tylonycteris pachypus	
OQ175310.1	Merbecovirus	Betacoronavirus	Coronaviridae	complete-genome	Bat Coronavirus TpGX16 isolate BtTp-BetaCoV/GX2016-Q290, complete genome	Bat Coronavirus TpGX16	BtTp-BetaCoV/GX2016-Q290	12-May-2016	China: Guangxi	Tylonycteris pachypus	
OQ175311.1	Merbecovirus	Betacoronavirus	Coronaviridae	complete-genome	Bat Coronavirus TpGX16 isolate BtTp-BetaCoV/GX2016-Q291, complete genome	Bat Coronavirus TpGX16	BtTp-BetaCoV/GX2016-Q291	13-May-2016	China: Guangxi	Tylonycteris pachypus	
OQ175312.1	Merbecovirus	Betacoronavirus	Coronaviridae	complete-genome	Bat Coronavirus TpGX16 isolate BtTp-BetaCoV/GX2016-Q292, complete genome	Bat Coronavirus TpGX16	BtTp-BetaCoV/GX2016-Q292	14-May-2016	China: Guangxi	Tylonycteris pachypus	
OQ175313.1	Merbecovirus	Betacoronavirus	Coronaviridae	complete-genome	Bat Coronavirus TpGD17 isolate BtTp-BetaCoV/GD2017-Q293, complete genome	Bat Coronavirus TpGD17	BtTp-BetaCoV/GD2017-Q293	2017	China: Guangdong	Tylonycteris pachypus	
OQ175314.1	Merbecovirus	Betacoronavirus	Coronaviridae	complete-genome	Bat Coronavirus TpGD17 isolate BtTp-BetaCoV/GD2017-Q294, complete genome	Bat Coronavirus TpGD17	BtTp-BetaCoV/GD2017-Q294	2017	China: Guangdong	Tylonycteris pachypus	
OQ175315.1	Merbecovirus	Betacoronavirus	Coronaviridae	complete-genome	Bat Coronavirus TpGD18 isolate BtTp-BetaCoV/GD2018-Q295, complete genome	Bat Coronavirus TpGD18	BtTp-BetaCoV/GD2018-Q295	2018	China: Guangdong	Tylonycteris pachypus	
OQ175316.1	Merbecovirus	Betacoronavirus	Coronaviridae	complete-genome	Bat Coronavirus TpGX16 isolate BtTp-BetaCoV/GX2016-Q296, complete genome	Bat Coronavirus TpGX16	BtTp-BetaCoV/GX2016-Q296	2016	China: Guangxi	Tylonycteris pachypus	
OQ175317.1	Merbecovirus	Betacoronavirus	Coronaviridae	complete-genome	Bat Coronavirus TpGX16 isolate BtTp-BetaCoV/GX2016-Q297, complete genome	Bat Coronavirus TpGX16	BtTp-BetaCoV/GX2016-Q297	2016	China: Guangxi	Tylonycteris pachypus	
OQ175318.1	Merbecovirus	Betacoronavirus	Coronaviridae	complete-genome	Bat Coronavirus TpGX16 isolate BtTp-BetaCoV/GX2016-Q298, complete genome	Bat Coronavirus TpGX16	BtTp-BetaCoV/GX2016-Q298	2016	China: Guangxi	Tylonycteris pachypus	
OQ175319.1	Merbecovirus	Betacoronavirus	Coronaviridae	complete-genome	Bat Coronavirus TpGX16 isolate BtTp-BetaCoV/GX2016-Q299, complete genome	Bat Coronavirus TpGX16	BtTp-BetaCoV/GX2016-Q299	2016	China: Guangxi	Tylonycteris pachypus	
OQ175320.1	Merbecovirus	Betacoronavirus	Coronaviridae	complete-genome	Bat Coronavirus TpGX16 isolate BtTp-BetaCoV/GX2016-Q300, complete genome	Bat Coronavirus TpGX16	BtTp-BetaCoV/GX2016-Q300	2016	China: Guangxi	Tylonycteris pachypus	
OQ175321.1	Merbecovirus	Betacoronavirus	Coronaviridae	complete-genome	Bat Coronavirus TpGX16 isolate BtTp-BetaCoV/GX2016-Q301, complete genome	Bat Coronavirus TpGX16	BtTp-BetaCoV/GX2016-Q301	2016	China: Guangxi	Tylonycteris pachypus	
OQ175322.1	Merbecovirus	Betacoronavirus	Coronaviridae	complete-genome	Bat Coronavirus TpGX17 isolate BtTp-BetaCoV/GX2017-Q302, complete genome	Bat Coronavirus TpGX17	BtTp-BetaCoV/GX2017-Q302	2017	China: Guangxi	Tylonycteris pachypus	
OQ175323.1	Merbecovirus	Betacoronavirus	Coronaviridae	complete-genome	Bat Coronavirus TpGX17 isolate BtTp-BetaCoV/GX2017-Q303, complete genome	Bat Coronavirus TpGX17	BtTp-BetaCoV/GX2017-Q303	2017	China: Guangxi	Tylonycteris pachypus	
OQ175324.1	Merbecovirus	Betacoronavirus	Coronaviridae	complete-genome	Bat Coronavirus TpGX19 isolate BtTp-BetaCoV/GX2019-Q304, complete genome	Bat Coronavirus TpGX19	BtTp-BetaCoV/GX2019-Q304	2019	China: Guangxi	Tylonycteris pachypus	
OQ175325.1	Merbecovirus	Betacoronavirus	Coronaviridae	complete-genome	Bat Coronavirus TpYN16 isolate BtTp-BetaCoV/YN2016-Q305, complete genome	Bat Coronavirus TpYN16	BtTp-BetaCoV/YN2016-Q305	2016	China: Yunnan	Tylonycteris pachypus	
OQ297693.1	Merbecovirus	Betacoronavirus	Coronaviridae	complete-genome	MAG: Pangolin coronavirus HKU4 isolate GX/HKU4-GX/2020, complete genome	Pangolin coronavirus HKU4	GX/HKU4-GX/2020	2020	China	Manis javanica	metagenomic
OQ786859.1	Merbecovirus	Betacoronavirus	Coronaviridae	complete-genome	Merbecovirus sp. isolate A100, complete genome	Merbecovirus sp.	A100	22-Jan-2020			
OQ786860.1	Merbecovirus	Betacoronavirus	Coronaviridae	complete-genome	Merbecovirus sp. isolate A97, complete genome	Merbecovirus sp.	A97	22-Jan-2020			
OQ786861.1	Merbecovirus	Betacoronavirus	Coronaviridae	complete-genome	Merbecovirus sp. isolate A96, complete genome	Merbecovirus sp.	A96	22-Jan-2020			
OQ786862.1	Merbecovirus	Betacoronavirus	Coronaviridae	complete-genome	Merbecovirus sp. isolate A98, complete genome	Merbecovirus sp.	A98	22-Jan-2020			
OQ715761.1	Merbecovirus	Betacoronavirus	Coronaviridae	complete-genome	MAG: Pipistrellus bat coronavirus HKU5 isolate WZ_Pi.abramus_betacorona_2 ORF1ab polyprotein, spike protein, ORF3a protein, ORF3b protein, ORF3c protein, ORF3d protein, E protein, M protein, and N protein genes, complete cds	Pipistrellus bat coronavirus HKU5	WZ_Pi.abramus_betacorona_2		China: Wenzhou	Pipistrellus abramus	metagenomic
DQ648794.1	Merbecovirus	Betacoronavirus	Coronaviridae	complete-genome	Bat coronavirus (BtCoV/133/2005), complete genome	Bat coronavirus (BtCoV/133/2005)	BtCoV/133/2005				
EF065506.1	Merbecovirus	Betacoronavirus	Coronaviridae	complete-genome	Bat coronavirus HKU4-2, complete genome	Bat coronavirus HKU4-2	B05f		China: Guangdong province	bat	
EF065507.1	Merbecovirus	Betacoronavirus	Coronaviridae	complete-genome	Bat coronavirus HKU4-3, complete genome	Bat coronavirus HKU4-3	B07f		China: Guangdong province	bat	
EF065508.1	Merbecovirus	Betacoronavirus	Coronaviridae	complete-genome	Bat coronavirus HKU4-4, complete genome	Bat coronavirus HKU4-4	LMH1f		China: Guangdong province	bat	
EF065510.1	Merbecovirus	Betacoronavirus	Coronaviridae	complete-genome	Bat coronavirus HKU5-2, complete genome	Bat coronavirus HKU5-2	TT03f		China: Guangdong province	bat	
EF065511.1	Merbecovirus	Betacoronavirus	Coronaviridae	complete-genome	Bat coronavirus HKU5-3, complete genome	Bat coronavirus HKU5-3	TT06f		China: Guangdong province	bat	
EF065512.1	Merbecovirus	Betacoronavirus	Coronaviridae	complete-genome	Bat coronavirus HKU5-5, complete genome	Bat coronavirus HKU5-5	TT07f		China: Guangdong province	bat	
NC_009019.1	Merbecovirus	Betacoronavirus	Coronaviridae	complete-genome	Tylonycteris bat coronavirus HKU4, complete genome	Tylonycteris bat coronavirus HKU4	HKU4-1 B04f		China: Guangdong province	bat	
NC_009020.1	Merbecovirus	Betacoronavirus	Coronaviridae	complete-genome	Pipistrellus bat coronavirus HKU5, complete genome	Pipistrellus bat coronavirus HKU5	HKU5-1 LMH03f		China: Guangdong province	bat	
AA075371.1_NV-SD-L1	Merbecovirus	Betacoronavirus	Coronaviridae	complete-genome	UNVERIFIED: Pipistrellus bat coronavirus HKU5 isolate NV-SD-L1	HKU5 isolate NV-SD-L1	NV-SD-L1	2022	China: Shandong	Neogale vison	
AA075372.1_NV-SD-L2	Merbecovirus	Betacoronavirus	Coronaviridae	complete-genome	UNVERIFIED: Pipistrellus bat coronavirus HKU5 isolate NV-SD-L2 sequence.	HKU5 isolate NV-SD-L2	NV-SD-L2	2022	China: Shandong	Neogale vison	
AA075373.1	Merbecovirus	Betacoronavirus	Coronaviridae	complete-genome	UNVERIFIED: Pipistrellus bat coronavirus HKU5 isolate NV-SD-I2	HKU5 isolate NV-SD-I2	NV-SD-I2	2022	China: Shandong	Neogale vison	
AA085193.1	Merbecovirus	Betacoronavirus	Coronaviridae	complete-genome	Pipistrellus isolate 223381 non-structural polyprotein 1ab gene, complete cds; ORF1ab gene, complete sequence; and spike protein (S), envelope protein (E), membrane protein (M), and nucleocapsid protein (N) genes, complete cds.	HKU5 isolate lineage 2-223381	223381	2022	China	Pipistrellus	Use the Beyond MERS paper for location
AA085194.1	Merbecovirus	Betacoronavirus	Coronaviridae	complete-genome	Pipistrellus isolate 141441 non-structural polyprotein 1ab, spike protein (S), envelope protein (E), membrane protein (M), and nucleocapsid protein (N) genes, complete cds; and ORF1ab gene, complete sequence.	HKU5 isolate lineage 2-141441	141441	2014	China	Pipistrellus	
AA085190.1	Merbecovirus	Betacoronavirus	Coronaviridae	complete-genome	Pipistrellus isolate 223028 non-structural polyprotein 1ab (ORF1ab), spike protein (S), envelope protein (E), membrane protein (M), and nucleocapsid protein (N) genes, complete cds.	HKU5 isolate lineage 2-223028	223028	2022	China	Pipistrellus	
AA085189.1	Merbecovirus	Betacoronavirus	Coronaviridae	complete-genome	Pipistrellus isolate 223023 non-structural polyprotein 1ab gene, complete cds; ORF1ab gene, complete sequence; and spike protein (S), envelope protein (E), membrane protein (M), and nucleocapsid protein (N) genes, complete cds.	HKU5 isolate lineage 2-223023	223023	2022	China	Pipistrellus	
AA085192.1	Merbecovirus	Betacoronavirus	Coronaviridae	complete-genome	Pipistrellus isolate 220155 non-structural polyprotein 1ab gene, complete cds; ORF1ab gene, complete sequence; and spike protein (S), envelope protein (E), membrane protein (M), and nucleocapsid protein (N) genes, complete cds.	HKU5 isolate lineage 2-220155	220155	2022	China	Pipistrellus	
AA085191.1	Merbecovirus	Betacoronavirus	Coronaviridae	complete-genome	Pipistrellus isolate 220153 non-structural polyprotein 1ab gene, complete cds; ORF1ab gene, complete sequence; and spike protein (S), envelope protein (E), membrane protein (M), and nucleocapsid protein (N) genes, complete cds.	HKU5 isolate lineage 2-220153	220153	2022	China	Pipistrellus	
